{"Problem": "MIQP", "Status": "time limit exceeded", "Time": 10.030999999959022, "Relative_Gap": 0.11447164961067532, "N_Iter": 213073, "Hit_Time_Limit": true, "Objective_Value": 2406.755319379131}