{"Problem": "MIQP", "Status": "time limit exceeded", "Time": 60.03200000000288, "Relative_Gap": 0.16284969992873452, "N_Iter": 820796, "Hit_Time_Limit": true, "Objective_Value": 5525.823650316275}